epoch,Training Loss,Validation Loss
1,0.18597245,0.1165396
2,0.18925536,0.11745447
3,0.19964075,0.11898255
4,0.25074142,0.12154728
5,0.19742125,0.12000108
6,0.2024368,0.12015164
7,0.17225796,0.12032676
8,0.22115558,0.121590614
9,0.2157337,0.12382156
10,0.16859621,0.123969674
